-- MySQL Administrator dump 1.4
--
-- ------------------------------------------------------
-- Server version	5.1.43-community


/*!40101 SET @OLD_CHARACTER_SET_CLIENT=@@CHARACTER_SET_CLIENT */;
/*!40101 SET @OLD_CHARACTER_SET_RESULTS=@@CHARACTER_SET_RESULTS */;
/*!40101 SET @OLD_COLLATION_CONNECTION=@@COLLATION_CONNECTION */;
/*!40101 SET NAMES utf8 */;

/*!40014 SET @OLD_UNIQUE_CHECKS=@@UNIQUE_CHECKS, UNIQUE_CHECKS=0 */;
/*!40014 SET @OLD_FOREIGN_KEY_CHECKS=@@FOREIGN_KEY_CHECKS, FOREIGN_KEY_CHECKS=0 */;
/*!40101 SET @OLD_SQL_MODE=@@SQL_MODE, SQL_MODE='NO_AUTO_VALUE_ON_ZERO' */;


--
-- Create schema opendams_default
--

CREATE DATABASE IF NOT EXISTS opendams_default;
USE opendams_default;

--
-- Definition of table `archive_group`
--

DROP TABLE IF EXISTS `archive_group`;
CREATE TABLE `archive_group` (
  `id_archive_group` int(10) unsigned NOT NULL AUTO_INCREMENT,
  `archive_group_label` varchar(45) NOT NULL,
  `archive_group_order` int(3) unsigned NOT NULL,
  PRIMARY KEY (`id_archive_group`)
) ENGINE=InnoDB AUTO_INCREMENT=6 DEFAULT CHARSET=utf8;

--
-- Dumping data for table `archive_group`
--

/*!40000 ALTER TABLE `archive_group` DISABLE KEYS */;
INSERT INTO `archive_group` (`id_archive_group`,`archive_group_label`,`archive_group_order`) VALUES 
 (1,' ',0),
 (2,'Archivi',1),
 (4,'Classificazione',3),
 (5,'Strumenti',4);
/*!40000 ALTER TABLE `archive_group` ENABLE KEYS */;


--
-- Definition of table `archive_identities`
--

DROP TABLE IF EXISTS `archive_identities`;
CREATE TABLE `archive_identities` (
  `id_archive_identity` int(10) unsigned NOT NULL AUTO_INCREMENT,
  `description` varchar(200) NOT NULL DEFAULT '',
  PRIMARY KEY (`id_archive_identity`)
) ENGINE=InnoDB AUTO_INCREMENT=9 DEFAULT CHARSET=utf8;

--
-- Dumping data for table `archive_identities`
--

/*!40000 ALTER TABLE `archive_identities` DISABLE KEYS */;
INSERT INTO `archive_identities` (`id_archive_identity`,`description`) VALUES 
 (1,'hierarchic'),
 (2,'plane'),
 (3,'thesaurus'),
 (4,'collection'),
 (5,'application'),
 (6,'file manager'),
 (7,'custom'),
 (8,'basket');
/*!40000 ALTER TABLE `archive_identities` ENABLE KEYS */;


--
-- Definition of table `archive_types`
--

DROP TABLE IF EXISTS `archive_types`;
CREATE TABLE `archive_types` (
  `id_archive_type` int(10) unsigned NOT NULL AUTO_INCREMENT,
  `description` varchar(45) NOT NULL DEFAULT '',
  `generic_index_configuration_xml` blob,
  `generic_title_configuration_xml` blob,
  PRIMARY KEY (`id_archive_type`)
) ENGINE=InnoDB AUTO_INCREMENT=13 DEFAULT CHARSET=utf8;

--
-- Dumping data for table `archive_types`
--

/*!40000 ALTER TABLE `archive_types` DISABLE KEYS */;
INSERT INTO `archive_types` (`id_archive_type`,`description`,`generic_index_configuration_xml`,`generic_title_configuration_xml`) VALUES 
 (1,'photografic',0x3C3F786D6C2076657273696F6E3D22312E302220656E636F64696E673D2249534F2D383835392D31223F3E0A3C726F6F743E0A093C656C656D656E74206E616D653D2269645F436F6E63657074536368656D6522207365617263685F616C6961733D22696422206C7563656E655F73746F72655F747970653D226E6F22206B65795F7374796C653D22646F75626C65222064625F736F72745F6669656C643D226964223E2F7264663A5244462F736B6F733A436F6E63657074536368656D652F407264663A49443C2F656C656D656E743E0A093C656C656D656E74206E616D653D2269645F436F6E6365707422207365617263685F616C6961733D22696422206C7563656E655F73746F72655F747970653D226E6F22206B65795F7374796C653D22646F75626C65222064625F736F72745F6669656C643D226964223E2F7264663A5244462F736B6F733A436F6E636570742F407264663A49443C2F656C656D656E743E0A093C656C656D656E74206E616D653D226C6162656C5F436F6E63657074536368656D6522207365617263685F616C6961733D226C6162656C2C636F6E74656E747322206C7563656E655F73746F72655F747970653D226E6F22206B65795F7374796C653D22646F75626C65222064625F736F72745F6669656C643D226C6162656C223E2F7264663A5244462F736B6F733A436F6E63657074536368656D652F726466733A6C6162656C2F7465787428293C2F656C656D656E743E0A093C656C656D656E74206E616D653D226C6162656C5F436F6E6365707422207365617263685F616C6961733D226C6162656C2C636F6E74656E747322206C7563656E655F73746F72655F747970653D226E6F22206B65795F7374796C653D22646F75626C65222064625F736F72745F6669656C643D226C6162656C223E2F7264663A5244462F736B6F733A436F6E636570742F726466733A6C6162656C2F7465787428293C2F656C656D656E743E0A093C656C656D656E74206E616D653D22616C744C6162656C5F436F6E63657074536368656D6522207365617263685F616C6961733D22616C744C6162656C2C636F6E74656E747322206C7563656E655F73746F72655F747970653D226E6F22206B65795F7374796C653D22646F75626C65223E2F7264663A5244462F736B6F733A436F6E63657074536368656D652F736B6F733A616C744C6162656C2F7465787428293C2F656C656D656E743E0A093C656C656D656E74206E616D653D22616C744C6162656C5F436F6E6365707422207365617263685F616C6961733D22616C744C6162656C2C636F6E74656E747322206C7563656E655F73746F72655F747970653D226E6F22206B65795F7374796C653D22646F75626C65223E2F7264663A5244462F736B6F733A436F6E636570742F736B6F733A616C744C6162656C2F7465787428293C2F656C656D656E743E0A093C656C656D656E74206E616D653D2273636F70654E6F74655F436F6E63657074536368656D6522207365617263685F616C6961733D2273636F70654E6F74652C636F6E74656E747322206C7563656E655F73746F72655F747970653D226E6F22206B65795F7374796C653D22646F75626C65223E2F7264663A5244462F736B6F733A436F6E63657074536368656D652F736B6F733A73636F70654E6F74652F7465787428293C2F656C656D656E743E0A093C656C656D656E74206E616D653D2273636F70654E6F74655F436F6E6365707422207365617263685F616C6961733D2273636F70654E6F74652C636F6E74656E747322206C7563656E655F73746F72655F747970653D226E6F22206B65795F7374796C653D22646F75626C65223E2F7264663A5244462F736B6F733A436F6E636570742F736B6F733A73636F70654E6F74652F7465787428293C2F656C656D656E743E0A3C2F726F6F743E0A,0x3C3F786D6C2076657273696F6E3D22312E302220656E636F64696E673D2249534F2D383835392D31223F3E0A3C726F6F743E0A093C7469746C65206E616D653D2269642220736570617261746F723D22205B69645D2022206D756C7469706C655F706174685F736570617261746F723D22E722206D756C7469706C655F6E6F64655F736570617261746F723D22B0223E2F7264663A5244462F736B6F733A436F6E63657074536368656D652F407264663A49442C2F7264663A5244462F736B6F733A436F6E636570742F407264663A49443C2F7469746C653E0A093C7469746C65206E616D653D226C6162656C2220736570617261746F723D22205B6C6162656C5D2022206D756C7469706C655F706174685F736570617261746F723D22E722206D756C7469706C655F6E6F64655F736570617261746F723D22B0223E2F7264663A5244462F736B6F733A436F6E63657074536368656D652F726466733A6C6162656C2F7465787428292C2F7264663A5244462F736B6F733A436F6E636570742F726466733A6C6162656C2F7465787428293C2F7469746C653E0A093C7469746C65206E616D653D22616C744C6162656C2220736570617261746F723D22205B616C744C6162656C5D2022206D756C7469706C655F706174685F736570617261746F723D22E722206D756C7469706C655F6E6F64655F736570617261746F723D22B0223E2F7264663A5244462F736B6F733A436F6E63657074536368656D652F736B6F733A616C744C6162656C2F7465787428292C2F7264663A5244462F736B6F733A436F6E636570742F736B6F733A616C744C6162656C2F7465787428293C2F7469746C653E0A3C2F726F6F743E0A),
 (2,'storic',0x3C3F786D6C2076657273696F6E3D22312E302220656E636F64696E673D2249534F2D383835392D31223F3E0A3C726F6F743E0A093C656C656D656E74206E616D653D2269645F436F6E63657074536368656D6522207365617263685F616C6961733D22696422206C7563656E655F73746F72655F747970653D226E6F22206B65795F7374796C653D22646F75626C65222064625F736F72745F6669656C643D226964223E2F7264663A5244462F736B6F733A436F6E63657074536368656D652F407264663A49443C2F656C656D656E743E0A093C656C656D656E74206E616D653D2269645F436F6E6365707422207365617263685F616C6961733D22696422206C7563656E655F73746F72655F747970653D226E6F22206B65795F7374796C653D22646F75626C65222064625F736F72745F6669656C643D226964223E2F7264663A5244462F736B6F733A436F6E636570742F407264663A49443C2F656C656D656E743E0A093C656C656D656E74206E616D653D226C6162656C5F436F6E63657074536368656D6522207365617263685F616C6961733D226C6162656C2C636F6E74656E747322206C7563656E655F73746F72655F747970653D226E6F22206B65795F7374796C653D22646F75626C65222064625F736F72745F6669656C643D226C6162656C223E2F7264663A5244462F736B6F733A436F6E63657074536368656D652F726466733A6C6162656C2F7465787428293C2F656C656D656E743E0A093C656C656D656E74206E616D653D226C6162656C5F436F6E6365707422207365617263685F616C6961733D226C6162656C2C636F6E74656E747322206C7563656E655F73746F72655F747970653D226E6F22206B65795F7374796C653D22646F75626C65222064625F736F72745F6669656C643D226C6162656C223E2F7264663A5244462F736B6F733A436F6E636570742F726466733A6C6162656C2F7465787428293C2F656C656D656E743E0A093C656C656D656E74206E616D653D22616C744C6162656C5F436F6E63657074536368656D6522207365617263685F616C6961733D22616C744C6162656C2C636F6E74656E747322206C7563656E655F73746F72655F747970653D226E6F22206B65795F7374796C653D22646F75626C65223E2F7264663A5244462F736B6F733A436F6E63657074536368656D652F736B6F733A616C744C6162656C2F7465787428293C2F656C656D656E743E0A093C656C656D656E74206E616D653D22616C744C6162656C5F436F6E6365707422207365617263685F616C6961733D22616C744C6162656C2C636F6E74656E747322206C7563656E655F73746F72655F747970653D226E6F22206B65795F7374796C653D22646F75626C65223E2F7264663A5244462F736B6F733A436F6E636570742F736B6F733A616C744C6162656C2F7465787428293C2F656C656D656E743E0A093C656C656D656E74206E616D653D2273636F70654E6F74655F436F6E63657074536368656D6522207365617263685F616C6961733D2273636F70654E6F74652C636F6E74656E747322206C7563656E655F73746F72655F747970653D226E6F22206B65795F7374796C653D22646F75626C65223E2F7264663A5244462F736B6F733A436F6E63657074536368656D652F736B6F733A73636F70654E6F74652F7465787428293C2F656C656D656E743E0A093C656C656D656E74206E616D653D2273636F70654E6F74655F436F6E6365707422207365617263685F616C6961733D2273636F70654E6F74652C636F6E74656E747322206C7563656E655F73746F72655F747970653D226E6F22206B65795F7374796C653D22646F75626C65223E2F7264663A5244462F736B6F733A436F6E636570742F736B6F733A73636F70654E6F74652F7465787428293C2F656C656D656E743E0A3C2F726F6F743E0A,0x3C3F786D6C2076657273696F6E3D22312E302220656E636F64696E673D2249534F2D383835392D31223F3E0A3C726F6F743E0A093C7469746C65206E616D653D2269642220736570617261746F723D22205B69645D2022206D756C7469706C655F706174685F736570617261746F723D22E722206D756C7469706C655F6E6F64655F736570617261746F723D22B0223E2F7264663A5244462F736B6F733A436F6E63657074536368656D652F407264663A49442C2F7264663A5244462F736B6F733A436F6E636570742F407264663A49443C2F7469746C653E0A093C7469746C65206E616D653D226C6162656C2220736570617261746F723D22205B6C6162656C5D2022206D756C7469706C655F706174685F736570617261746F723D22E722206D756C7469706C655F6E6F64655F736570617261746F723D22B0223E2F7264663A5244462F736B6F733A436F6E63657074536368656D652F726466733A6C6162656C2F7465787428292C2F7264663A5244462F736B6F733A436F6E636570742F726466733A6C6162656C2F7465787428293C2F7469746C653E0A093C7469746C65206E616D653D22616C744C6162656C2220736570617261746F723D22205B616C744C6162656C5D2022206D756C7469706C655F706174685F736570617261746F723D22E722206D756C7469706C655F6E6F64655F736570617261746F723D22B0223E2F7264663A5244462F736B6F733A436F6E63657074536368656D652F736B6F733A616C744C6162656C2F7465787428292C2F7264663A5244462F736B6F733A436F6E636570742F736B6F733A616C744C6162656C2F7465787428293C2F7469746C653E0A3C2F726F6F743E0A),
 (3,'thesaurus',0x3C3F786D6C2076657273696F6E3D22312E302220656E636F64696E673D2249534F2D383835392D31223F3E0A3C726F6F743E0A093C656C656D656E74206E616D653D2269645F436F6E63657074536368656D6522207365617263685F616C6961733D22696422206C7563656E655F73746F72655F747970653D226E6F22206B65795F7374796C653D22646F75626C65222064625F736F72745F6669656C643D226964223E2F7264663A5244462F736B6F733A436F6E63657074536368656D652F407264663A49443C2F656C656D656E743E0A093C656C656D656E74206E616D653D2269645F436F6E6365707422207365617263685F616C6961733D22696422206C7563656E655F73746F72655F747970653D226E6F22206B65795F7374796C653D22646F75626C65222064625F736F72745F6669656C643D226964223E2F7264663A5244462F736B6F733A436F6E636570742F407264663A49443C2F656C656D656E743E0A093C656C656D656E74206E616D653D226C6162656C5F436F6E63657074536368656D6522207365617263685F616C6961733D226C6162656C2C636F6E74656E747322206C7563656E655F73746F72655F747970653D226E6F22206B65795F7374796C653D22646F75626C65222064625F736F72745F6669656C643D226C6162656C223E2F7264663A5244462F736B6F733A436F6E63657074536368656D652F726466733A6C6162656C2F7465787428293C2F656C656D656E743E0A093C656C656D656E74206E616D653D226C6162656C5F436F6E6365707422207365617263685F616C6961733D226C6162656C2C636F6E74656E747322206C7563656E655F73746F72655F747970653D226E6F22206B65795F7374796C653D22646F75626C65222064625F736F72745F6669656C643D226C6162656C223E2F7264663A5244462F736B6F733A436F6E636570742F726466733A6C6162656C2F7465787428293C2F656C656D656E743E0A093C656C656D656E74206E616D653D22616C744C6162656C5F436F6E63657074536368656D6522207365617263685F616C6961733D22616C744C6162656C2C636F6E74656E747322206C7563656E655F73746F72655F747970653D226E6F22206B65795F7374796C653D22646F75626C65223E2F7264663A5244462F736B6F733A436F6E63657074536368656D652F736B6F733A616C744C6162656C2F7465787428293C2F656C656D656E743E0A093C656C656D656E74206E616D653D22616C744C6162656C5F436F6E6365707422207365617263685F616C6961733D22616C744C6162656C2C636F6E74656E747322206C7563656E655F73746F72655F747970653D226E6F22206B65795F7374796C653D22646F75626C65223E2F7264663A5244462F736B6F733A436F6E636570742F736B6F733A616C744C6162656C2F7465787428293C2F656C656D656E743E0A093C656C656D656E74206E616D653D2273636F70654E6F74655F436F6E63657074536368656D6522207365617263685F616C6961733D2273636F70654E6F74652C636F6E74656E747322206C7563656E655F73746F72655F747970653D226E6F22206B65795F7374796C653D22646F75626C65223E2F7264663A5244462F736B6F733A436F6E63657074536368656D652F736B6F733A73636F70654E6F74652F7465787428293C2F656C656D656E743E0A093C656C656D656E74206E616D653D2273636F70654E6F74655F436F6E6365707422207365617263685F616C6961733D2273636F70654E6F74652C636F6E74656E747322206C7563656E655F73746F72655F747970653D226E6F22206B65795F7374796C653D22646F75626C65223E2F7264663A5244462F736B6F733A436F6E636570742F736B6F733A73636F70654E6F74652F7465787428293C2F656C656D656E743E0A3C2F726F6F743E0A,0x3C3F786D6C2076657273696F6E3D22312E302220656E636F64696E673D2249534F2D383835392D31223F3E0A3C726F6F743E0A093C7469746C65206E616D653D2269642220736570617261746F723D22205B69645D2022206D756C7469706C655F706174685F736570617261746F723D22E722206D756C7469706C655F6E6F64655F736570617261746F723D22B022207374796C653D22746578742D6465636F726174696F6E3A6E6F6E653B666F6E742D7374796C653A6974616C69633B222068746D6C5F636F6E7461696E65723D227370616E223E2F7264663A5244462F736B6F733A436F6E63657074536368656D652F407264663A49442C2F7264663A5244462F736B6F733A436F6E636570742F407264663A49443C2F7469746C653E0A093C7469746C65206E616D653D226C6162656C2220736570617261746F723D22205B6C6162656C5D2022206D756C7469706C655F706174685F736570617261746F723D22E722206D756C7469706C655F6E6F64655F736570617261746F723D22B022207374796C653D22746578742D6465636F726174696F6E3A6E6F6E653B666F6E742D7374796C653A6E6F726D616C3B70616464696E672D6C6566743A3570783B222068746D6C5F636F6E7461696E65723D227370616E223E2F7264663A5244462F736B6F733A436F6E63657074536368656D652F726466733A6C6162656C2F7465787428292C2F7264663A5244462F736B6F733A436F6E636570742F726466733A6C6162656C2F7465787428293C2F7469746C653E0A093C7469746C65206E616D653D22616C744C6162656C2220736570617261746F723D22205B616C744C6162656C5D2022206D756C7469706C655F706174685F736570617261746F723D22E722206D756C7469706C655F6E6F64655F736570617261746F723D22B022207374796C653D22746578742D6465636F726174696F6E3A6E6F6E653B666F6E742D7374796C653A6974616C69633B70616464696E672D6C6566743A3570783B222068746D6C5F636F6E7461696E65723D227370616E223E2F7264663A5244462F736B6F733A436F6E63657074536368656D652F736B6F733A616C744C6162656C2F7465787428292C2F7264663A5244462F736B6F733A436F6E636570742F736B6F733A616C744C6162656C2F7465787428293C2F7469746C653E0A3C2F726F6F743E0A),
 (4,'documental',0x3C3F786D6C2076657273696F6E3D22312E302220656E636F64696E673D225554462D38223F3E0A3C726F6F743E0A093C656C656D656E74206E616D653D22696422207365617263685F616C6961733D22696422206C7563656E655F73746F72655F747970653D226E6F22206B65795F7374796C653D22646F75626C65223E2F7264663A5244462F2A2F407264663A49443C2F656C656D656E743E0A093C656C656D656E74206E616D653D226C6162656C22207365617263685F616C6961733D226C6162656C2C636F6E74656E747322206C7563656E655F73746F72655F747970653D226E6F22206B65795F7374796C653D22646F75626C65222064625F736F72745F6669656C643D226C6162656C223E2F7264663A5244462F2A2F64633A7469746C652F7465787428293C2F656C656D656E743E0A202020203C656C656D656E74206E616D653D226465706172746D656E7422207365617263685F616C6961733D22646970617274696D656E746F22206C7563656E655F73746F72655F747970653D226E6F22206B65795F7374796C653D22646F75626C65222064625F736F72745F6669656C643D226C6162656C223E2F7264663A5244462F2A2F6F63643A646970617274696D656E746F2F407264663A49443C2F656C656D656E743E0A3C2F726F6F743E,0x3C3F786D6C2076657273696F6E3D22312E302220656E636F64696E673D225554462D38223F3E0A3C726F6F743E0A093C7469746C65206E616D653D2269642220736570617261746F723D22205B69645D2022206D756C7469706C655F706174685F736570617261746F723D22C3A722206D756C7469706C655F6E6F64655F736570617261746F723D22C2B0223E2F7264663A5244462F2A2F64633A7469746C652F7465787428293C2F7469746C653E0A3C2F726F6F743E0A),
 (5,'messages',0x42494E4152592C20312E343035204279746573,0x42494E4152592C20363234204279746573),
 (6,'file',NULL,NULL),
 (7,'basket',NULL,NULL),
 (8,'web-external',NULL,NULL),
 (9,'help',NULL,NULL),
 (10,'twitter',NULL,NULL),
 (11,'qr',NULL,NULL),
 (12,'report',NULL,NULL);
/*!40000 ALTER TABLE `archive_types` ENABLE KEYS */;


--
-- Definition of table `archive_user_role`
--

DROP TABLE IF EXISTS `archive_user_role`;
CREATE TABLE `archive_user_role` (
  `ref_id_archive` int(10) NOT NULL,
  `ref_id_user` int(10) unsigned NOT NULL,
  `ref_id_role` int(10) unsigned NOT NULL,
  PRIMARY KEY (`ref_id_archive`,`ref_id_user`,`ref_id_role`),
  KEY `FK_archive_user_role_2` (`ref_id_user`),
  KEY `FK_archive_user_role_3` (`ref_id_role`),
  CONSTRAINT `FK_archive_user_role_1` FOREIGN KEY (`ref_id_archive`) REFERENCES `archives` (`id_archive`),
  CONSTRAINT `FK_archive_user_role_2` FOREIGN KEY (`ref_id_user`) REFERENCES `users` (`id_user`),
  CONSTRAINT `FK_archive_user_role_3` FOREIGN KEY (`ref_id_role`) REFERENCES `roles` (`id_role`)
) ENGINE=InnoDB DEFAULT CHARSET=utf8;

--
-- Dumping data for table `archive_user_role`
--

/*!40000 ALTER TABLE `archive_user_role` DISABLE KEYS */;
INSERT INTO `archive_user_role` (`ref_id_archive`,`ref_id_user`,`ref_id_role`) VALUES 
 (1,1,1),
 (2,1,1),
 (5000,1,1),
 (5001,1,1),
 (5003,1,1),
 (17,1,1);
/*!40000 ALTER TABLE `archive_user_role` ENABLE KEYS */;


--
-- Definition of table `archives`
--

DROP TABLE IF EXISTS `archives`;
CREATE TABLE `archives` (
  `id_archive` int(10) NOT NULL AUTO_INCREMENT,
  `label` varchar(200) NOT NULL DEFAULT '',
  `description` text,
  `ref_id_archive_identity` int(10) unsigned NOT NULL DEFAULT '0',
  `ref_id_archive_type` int(10) unsigned NOT NULL DEFAULT '0',
  `archive_xml_prefix` varchar(20) NOT NULL DEFAULT '',
  `use_default_index` tinyint(1) NOT NULL DEFAULT '1',
  `archive_order` int(3) unsigned DEFAULT '0',
  `archive_class` varchar(100) DEFAULT NULL,
  `offline` tinyint(1) NOT NULL DEFAULT '0',
  `ref_id_archive_group` int(10) unsigned NOT NULL DEFAULT '0',
  PRIMARY KEY (`id_archive`),
  KEY `FK_archives_1` (`ref_id_archive_identity`),
  KEY `FK_archives_2` (`ref_id_archive_type`),
  KEY `FK_archives_3` (`ref_id_archive_group`),
  CONSTRAINT `FK_archives_1` FOREIGN KEY (`ref_id_archive_identity`) REFERENCES `archive_identities` (`id_archive_identity`),
  CONSTRAINT `FK_archives_2` FOREIGN KEY (`ref_id_archive_type`) REFERENCES `archive_types` (`id_archive_type`),
  CONSTRAINT `FK_archives_3` FOREIGN KEY (`ref_id_archive_group`) REFERENCES `archive_group` (`id_archive_group`)
) ENGINE=InnoDB AUTO_INCREMENT=5007 DEFAULT CHARSET=latin1;

--
-- Dumping data for table `archives`
--

/*!40000 ALTER TABLE `archives` DISABLE KEYS */;
INSERT INTO `archives` (`id_archive`,`label`,`description`,`ref_id_archive_identity`,`ref_id_archive_type`,`archive_xml_prefix`,`use_default_index`,`archive_order`,`archive_class`,`offline`,`ref_id_archive_group`) VALUES 
 (1,'Classificazione','Classificazione',3,3,'ODS01',0,2,'classificazione.rdf',0,4),
 (2,'Siti web','Siti web',2,4,'ODS11',0,8,'siti.rdf',0,2),
 (5000,'gestione messaggi','gestione messaggi',5,5,'',0,5000,NULL,0,5),
 (5001,'cestino','cestino',8,7,' ',0,5001,NULL,0,5),
 (5003,'Manuale d\'uso','Manuale d\'uso',5,9,'',0,5003,NULL,0,5),
 (17,'Allegati digitali','Allegati digitali',2,6,'ODS17',0,17,'file.rdf',0,5);
/*!40000 ALTER TABLE `archives` ENABLE KEYS */;


--
-- Definition of table `companies`
--

DROP TABLE IF EXISTS `companies`;
CREATE TABLE `companies` (
  `id_company` int(10) unsigned NOT NULL AUTO_INCREMENT,
  `acronym` varchar(45) NOT NULL,
  `company_name` varchar(200) NOT NULL,
  `image_name` varchar(200) CHARACTER SET utf8 COLLATE utf8_bin DEFAULT 'logo.gif',
  PRIMARY KEY (`id_company`)
) ENGINE=InnoDB AUTO_INCREMENT=1000000001 DEFAULT CHARSET=utf8;

--
-- Dumping data for table `companies`
--

/*!40000 ALTER TABLE `companies` DISABLE KEYS */;
INSERT INTO `companies` (`id_company`,`acronym`,`company_name`,`image_name`) VALUES 
 (1,'ODS','openDams',''),
 (1000000000,'openDams','Amministratore di Sistema','');
/*!40000 ALTER TABLE `companies` ENABLE KEYS */;


--
-- Definition of table `company_archives`
--

DROP TABLE IF EXISTS `company_archives`;
CREATE TABLE `company_archives` (
  `ref_id_company` int(10) unsigned NOT NULL AUTO_INCREMENT,
  `ref_id_archive` int(11) NOT NULL,
  PRIMARY KEY (`ref_id_company`,`ref_id_archive`),
  KEY `FK_company_archives_archives` (`ref_id_archive`),
  CONSTRAINT `FK_company_archives_archives` FOREIGN KEY (`ref_id_archive`) REFERENCES `archives` (`id_archive`),
  CONSTRAINT `FK_company_archives_company` FOREIGN KEY (`ref_id_company`) REFERENCES `companies` (`id_company`)
) ENGINE=InnoDB DEFAULT CHARSET=utf8;

--
-- Dumping data for table `company_archives`
--

/*!40000 ALTER TABLE `company_archives` DISABLE KEYS */;
/*!40000 ALTER TABLE `company_archives` ENABLE KEYS */;


--
-- Definition of table `count_relations`
--

DROP TABLE IF EXISTS `count_relations`;
CREATE TABLE `count_relations` (
  `ref_id_record` int(10) unsigned NOT NULL,
  `ref_id_relation_type` int(10) unsigned NOT NULL,
  `tot` int(10) unsigned NOT NULL DEFAULT '0',
  PRIMARY KEY (`ref_id_record`,`ref_id_relation_type`),
  KEY `FK_count_relations_2_relation_type` (`ref_id_relation_type`),
  CONSTRAINT `FK_count_relations_1_records` FOREIGN KEY (`ref_id_record`) REFERENCES `records` (`id_record`),
  CONSTRAINT `FK_count_relations_2_relation_type` FOREIGN KEY (`ref_id_relation_type`) REFERENCES `relation_types` (`id_relation_type`)
) ENGINE=InnoDB DEFAULT CHARSET=utf8;

--
-- Dumping data for table `count_relations`
--

/*!40000 ALTER TABLE `count_relations` DISABLE KEYS */;
/*!40000 ALTER TABLE `count_relations` ENABLE KEYS */;


--
-- Definition of table `departments`
--

DROP TABLE IF EXISTS `departments`;
CREATE TABLE `departments` (
  `id_department` int(10) unsigned NOT NULL AUTO_INCREMENT,
  `acronym` varchar(10) NOT NULL,
  `description` varchar(100) NOT NULL,
  `ref_id_company` int(10) unsigned NOT NULL,
  PRIMARY KEY (`id_department`),
  KEY `FK_departments_companies` (`ref_id_company`),
  CONSTRAINT `FK_departments_companies` FOREIGN KEY (`ref_id_company`) REFERENCES `companies` (`id_company`)
) ENGINE=InnoDB AUTO_INCREMENT=1000000001 DEFAULT CHARSET=utf8;

--
-- Dumping data for table `departments`
--

/*!40000 ALTER TABLE `departments` DISABLE KEYS */;
INSERT INTO `departments` (`id_department`,`acronym`,`description`,`ref_id_company`) VALUES 
 (1,'default','gruppo di lavoro',1),
 (1000000000,'assistenza',' Assistenza',1000000000);
/*!40000 ALTER TABLE `departments` ENABLE KEYS */;


--
-- Definition of table `endpoint_action`
--

DROP TABLE IF EXISTS `endpoint_action`;
CREATE TABLE `endpoint_action` (
  `id_endpoint_action` int(10) NOT NULL AUTO_INCREMENT,
  `label` varchar(45) NOT NULL,
  PRIMARY KEY (`id_endpoint_action`)
) ENGINE=InnoDB AUTO_INCREMENT=4 DEFAULT CHARSET=utf8;

--
-- Dumping data for table `endpoint_action`
--

/*!40000 ALTER TABLE `endpoint_action` DISABLE KEYS */;
INSERT INTO `endpoint_action` (`id_endpoint_action`,`label`) VALUES 
 (1,'add'),
 (2,'update'),
 (3,'delete');
/*!40000 ALTER TABLE `endpoint_action` ENABLE KEYS */;


--
-- Definition of table `endpoints`
--

DROP TABLE IF EXISTS `endpoints`;
CREATE TABLE `endpoints` (
  `id_endpoint` int(10) NOT NULL AUTO_INCREMENT,
  `label` varchar(45) NOT NULL,
  `manager_key` varchar(100) NOT NULL,
  `url` varchar(100) NOT NULL,
  PRIMARY KEY (`id_endpoint`),
  UNIQUE KEY `ix1` (`id_endpoint`),
  KEY `ix2` (`url`)
) ENGINE=InnoDB AUTO_INCREMENT=3 DEFAULT CHARSET=latin1;

--
-- Dumping data for table `endpoints`
--

/*!40000 ALTER TABLE `endpoints` DISABLE KEYS */;
INSERT INTO `endpoints` (`id_endpoint`,`label`,`manager_key`,`url`) VALUES 
 (1,'test','test','...');
/*!40000 ALTER TABLE `endpoints` ENABLE KEYS */;


--
-- Definition of table `endpoints_manager`
--

DROP TABLE IF EXISTS `endpoints_manager`;
CREATE TABLE `endpoints_manager` (
  `ref_id_record` int(10) NOT NULL,
  `ref_id_endpoint` int(10) NOT NULL,
  `action` varchar(100) NOT NULL,
  `date` datetime NOT NULL,
  `result` tinyint(1) NOT NULL,
  `ref_id_archive` int(10) DEFAULT NULL,
  `user` varchar(100) DEFAULT NULL,
  `ref_id_endpoint_action` int(10) DEFAULT NULL,
  PRIMARY KEY (`ref_id_record`,`ref_id_endpoint`)
) ENGINE=InnoDB DEFAULT CHARSET=latin1;

--
-- Dumping data for table `endpoints_manager`
--

/*!40000 ALTER TABLE `endpoints_manager` DISABLE KEYS */;
/*!40000 ALTER TABLE `endpoints_manager` ENABLE KEYS */;


--
-- Definition of table `import_history`
--

DROP TABLE IF EXISTS `import_history`;
CREATE TABLE `import_history` (
  `uri` varchar(255) NOT NULL,
  `type` varchar(50) NOT NULL,
  `creation_date` datetime NOT NULL,
  `modification_date` datetime NOT NULL,
  `import_status` tinyint(1) NOT NULL DEFAULT '0',
  `application_status` tinyint(1) NOT NULL DEFAULT '0',
  `message` text NOT NULL,
  PRIMARY KEY (`uri`)
) ENGINE=InnoDB DEFAULT CHARSET=utf8;

--
-- Dumping data for table `import_history`
--

/*!40000 ALTER TABLE `import_history` DISABLE KEYS */;
/*!40000 ALTER TABLE `import_history` ENABLE KEYS */;


--
-- Definition of table `message_types`
--

DROP TABLE IF EXISTS `message_types`;
CREATE TABLE `message_types` (
  `id_message_type` int(10) unsigned NOT NULL AUTO_INCREMENT,
  `message_label` varchar(100) NOT NULL,
  PRIMARY KEY (`id_message_type`)
) ENGINE=InnoDB AUTO_INCREMENT=4 DEFAULT CHARSET=utf8;

--
-- Dumping data for table `message_types`
--

/*!40000 ALTER TABLE `message_types` DISABLE KEYS */;
INSERT INTO `message_types` (`id_message_type`,`message_label`) VALUES 
 (1,'messaggio di servizio'),
 (2,'messaggio di sistema'),
 (3,'messaggio di chat');
/*!40000 ALTER TABLE `message_types` ENABLE KEYS */;


--
-- Definition of table `messages`
--

DROP TABLE IF EXISTS `messages`;
CREATE TABLE `messages` (
  `id_message` int(10) unsigned NOT NULL AUTO_INCREMENT,
  `ref_id_user` int(10) unsigned DEFAULT NULL,
  `ref_id_department` int(10) unsigned DEFAULT NULL,
  `ref_id_message_type` int(10) unsigned NOT NULL,
  `message_text` longtext NOT NULL,
  `date` datetime NOT NULL,
  `object` varchar(500) NOT NULL,
  `ref_id_user_sender` int(10) unsigned DEFAULT NULL,
  `readed` tinyint(1) NOT NULL DEFAULT '0',
  `modal` tinyint(1) NOT NULL DEFAULT '0',
  `validity` datetime DEFAULT NULL,
  `interest` tinyint(1) NOT NULL DEFAULT '0',
  `ref_id_user_to` int(10) DEFAULT NULL,
  PRIMARY KEY (`id_message`),
  KEY `FK_messages_users` (`ref_id_user`),
  KEY `FK_messages_department` (`ref_id_department`),
  KEY `FK_messages_message_types` (`ref_id_message_type`),
  CONSTRAINT `FK_messages_department` FOREIGN KEY (`ref_id_department`) REFERENCES `departments` (`id_department`),
  CONSTRAINT `FK_messages_message_types` FOREIGN KEY (`ref_id_message_type`) REFERENCES `message_types` (`id_message_type`),
  CONSTRAINT `FK_messages_users` FOREIGN KEY (`ref_id_user`) REFERENCES `users` (`id_user`)
) ENGINE=InnoDB DEFAULT CHARSET=utf8;

--
-- Dumping data for table `messages`
--

/*!40000 ALTER TABLE `messages` DISABLE KEYS */;
/*!40000 ALTER TABLE `messages` ENABLE KEYS */;


--
-- Definition of table `note_types`
--

DROP TABLE IF EXISTS `note_types`;
CREATE TABLE `note_types` (
  `id_note_type` int(10) unsigned NOT NULL AUTO_INCREMENT,
  `label` varchar(45) NOT NULL,
  PRIMARY KEY (`id_note_type`)
) ENGINE=InnoDB AUTO_INCREMENT=6 DEFAULT CHARSET=utf8;

--
-- Dumping data for table `note_types`
--

/*!40000 ALTER TABLE `note_types` DISABLE KEYS */;
INSERT INTO `note_types` (`id_note_type`,`label`) VALUES 
 (1,'nota di record'),
 (2,'nota di archivio'),
 (3,'nota di desktop'),
 (4,'nota applicativa'),
 (5,'nota dipartimentale');
/*!40000 ALTER TABLE `note_types` ENABLE KEYS */;


--
-- Definition of table `notes`
--

DROP TABLE IF EXISTS `notes`;
CREATE TABLE `notes` (
  `id_note` int(10) unsigned NOT NULL AUTO_INCREMENT,
  `ref_id_user` int(10) unsigned DEFAULT NULL,
  `ref_id_department` int(10) unsigned DEFAULT NULL,
  `ref_id_record` int(10) unsigned DEFAULT NULL,
  `ref_id_archive` int(10) DEFAULT NULL,
  `note_text` varchar(10000) NOT NULL,
  `date` datetime NOT NULL,
  `ref_id_note_type` int(10) unsigned NOT NULL DEFAULT '1',
  `note_title` longtext,
  PRIMARY KEY (`id_note`),
  KEY `FK_notes_user` (`ref_id_user`),
  KEY `FK_notes_department` (`ref_id_department`),
  KEY `FK_notes_record` (`ref_id_record`),
  KEY `FK_notes_archive` (`ref_id_archive`),
  KEY `FK_notes_note_types` (`ref_id_note_type`),
  KEY `note_text` (`note_text`(255)),
  CONSTRAINT `FK_notes_archive` FOREIGN KEY (`ref_id_archive`) REFERENCES `archives` (`id_archive`),
  CONSTRAINT `FK_notes_department` FOREIGN KEY (`ref_id_department`) REFERENCES `departments` (`id_department`),
  CONSTRAINT `FK_notes_note_types` FOREIGN KEY (`ref_id_note_type`) REFERENCES `note_types` (`id_note_type`),
  CONSTRAINT `FK_notes_record` FOREIGN KEY (`ref_id_record`) REFERENCES `records` (`id_record`),
  CONSTRAINT `FK_notes_user` FOREIGN KEY (`ref_id_user`) REFERENCES `users` (`id_user`)
) ENGINE=InnoDB DEFAULT CHARSET=utf8;

--
-- Dumping data for table `notes`
--

/*!40000 ALTER TABLE `notes` DISABLE KEYS */;
/*!40000 ALTER TABLE `notes` ENABLE KEYS */;


--
-- Definition of table `record_types`
--

DROP TABLE IF EXISTS `record_types`;
CREATE TABLE `record_types` (
  `id_record_type` int(10) unsigned NOT NULL AUTO_INCREMENT,
  `description` varchar(100) DEFAULT NULL,
  PRIMARY KEY (`id_record_type`)
) ENGINE=InnoDB AUTO_INCREMENT=6 DEFAULT CHARSET=latin1;

--
-- Dumping data for table `record_types`
--

/*!40000 ALTER TABLE `record_types` DISABLE KEYS */;
INSERT INTO `record_types` (`id_record_type`,`description`) VALUES 
 (1,'scheme_concept'),
 (2,'concept'),
 (3,'archive'),
 (4,'record'),
 (5,'ricerche');
/*!40000 ALTER TABLE `record_types` ENABLE KEYS */;


--
-- Definition of table `records`
--

DROP TABLE IF EXISTS `records`;
CREATE TABLE `records` (
  `id_record` int(10) unsigned NOT NULL AUTO_INCREMENT,
  `ref_id_archive` int(10) NOT NULL DEFAULT '0',
  `ref_id_record_type` int(10) unsigned NOT NULL DEFAULT '0',
  `title` longtext,
  `xml` longblob,
  `creation_date` timestamp NULL DEFAULT NULL,
  `modify_date` timestamp NULL DEFAULT NULL,
  `phisical_path` longtext,
  `position` int(10) unsigned NOT NULL DEFAULT '0',
  `depth` int(2) unsigned NOT NULL DEFAULT '0',
  `xml_id` varchar(255) DEFAULT NULL,
  `deleted` tinyint(1) DEFAULT '0',
  PRIMARY KEY (`id_record`),
  KEY `FK_records_record_type` (`ref_id_record_type`),
  KEY `FK_records_kos` (`ref_id_archive`),
  KEY `xml_id` (`xml_id`),
  KEY `deleted` (`deleted`),
  CONSTRAINT `FK_records_archives` FOREIGN KEY (`ref_id_archive`) REFERENCES `archives` (`id_archive`),
  CONSTRAINT `FK_records_record_type` FOREIGN KEY (`ref_id_record_type`) REFERENCES `record_types` (`id_record_type`)
) ENGINE=InnoDB DEFAULT CHARSET=utf8;

--
-- Dumping data for table `records`
--

/*!40000 ALTER TABLE `records` DISABLE KEYS */;
/*!40000 ALTER TABLE `records` ENABLE KEYS */;


--
-- Definition of table `records_version`
--

DROP TABLE IF EXISTS `records_version`;
CREATE TABLE `records_version` (
  `ref_id_record` int(10) unsigned NOT NULL,
  `title` longtext NOT NULL,
  `xml` blob NOT NULL,
  `version_date` timestamp NOT NULL DEFAULT CURRENT_TIMESTAMP ON UPDATE CURRENT_TIMESTAMP,
  `version` int(3) unsigned NOT NULL,
  `id_version` int(10) unsigned NOT NULL AUTO_INCREMENT,
  PRIMARY KEY (`id_version`),
  KEY `FK_recors_version_records` (`ref_id_record`),
  CONSTRAINT `FK_recors_version_records` FOREIGN KEY (`ref_id_record`) REFERENCES `records` (`id_record`)
) ENGINE=InnoDB DEFAULT CHARSET=utf8;

--
-- Dumping data for table `records_version`
--

/*!40000 ALTER TABLE `records_version` DISABLE KEYS */;
/*!40000 ALTER TABLE `records_version` ENABLE KEYS */;


--
-- Definition of table `relation_types`
--

DROP TABLE IF EXISTS `relation_types`;
CREATE TABLE `relation_types` (
  `id_relation_type` int(10) unsigned NOT NULL AUTO_INCREMENT,
  `label` char(20) DEFAULT NULL,
  `description` text,
  PRIMARY KEY (`id_relation_type`)
) ENGINE=InnoDB AUTO_INCREMENT=33 DEFAULT CHARSET=latin1;

--
-- Dumping data for table `relation_types`
--

/*!40000 ALTER TABLE `relation_types` DISABLE KEYS */;
INSERT INTO `relation_types` (`id_relation_type`,`label`,`description`) VALUES 
 (1,'BT','relazione di thesaurus figlio padre'),
 (2,'NT','relazione di thesaurus  padre figlio'),
 (3,'RT','relazione di thesaurus lineare'),
 (4,'HT','Relazione gerarchica'),
 (5,'BM','relazione match figlio padre'),
 (6,'NM','relazione match  padre figlio'),
 (7,'RM','relazione match  lineare'),
 (8,'CM','relazione  match vicinanza'),
 (9,'IS','relazione inScheme'),
 (10,'HC','hasTopConcept'),
 (11,'TC','topConceptOf'),
 (18,'dc:relation','in relazione a'),
 (12,'dcterms:subject','relazione con Classificazione'),
 (21,'dcterms:referenced','relazione generica con altri archivi'),
 (22,'file','relazione con allegati');
/*!40000 ALTER TABLE `relation_types` ENABLE KEYS */;


--
-- Definition of table `relations`
--

DROP TABLE IF EXISTS `relations`;
CREATE TABLE `relations` (
  `ref_id_record_1` int(10) unsigned NOT NULL DEFAULT '0',
  `ref_id_record_2` int(10) unsigned NOT NULL DEFAULT '0',
  `ref_id_relation_type` int(10) unsigned NOT NULL DEFAULT '0',
  `relation_order` int(5) unsigned DEFAULT '0',
  `note` longtext,
  PRIMARY KEY (`ref_id_record_1`,`ref_id_record_2`,`ref_id_relation_type`),
  KEY `FK_relations_record_2` (`ref_id_record_2`),
  KEY `FK_relations_relations_type` (`ref_id_relation_type`),
  CONSTRAINT `FK_relations_record_1` FOREIGN KEY (`ref_id_record_1`) REFERENCES `records` (`id_record`),
  CONSTRAINT `FK_relations_record_2` FOREIGN KEY (`ref_id_record_2`) REFERENCES `records` (`id_record`),
  CONSTRAINT `FK_relations_relations_type` FOREIGN KEY (`ref_id_relation_type`) REFERENCES `relation_types` (`id_relation_type`)
) ENGINE=InnoDB DEFAULT CHARSET=utf8;

--
-- Dumping data for table `relations`
--

/*!40000 ALTER TABLE `relations` DISABLE KEYS */;
/*!40000 ALTER TABLE `relations` ENABLE KEYS */;


--
-- Definition of table `roles`
--

DROP TABLE IF EXISTS `roles`;
CREATE TABLE `roles` (
  `id_role` int(10) unsigned NOT NULL AUTO_INCREMENT,
  `role_name` varchar(45) NOT NULL,
  PRIMARY KEY (`id_role`)
) ENGINE=InnoDB AUTO_INCREMENT=5 DEFAULT CHARSET=utf8;

--
-- Dumping data for table `roles`
--

/*!40000 ALTER TABLE `roles` DISABLE KEYS */;
INSERT INTO `roles` (`id_role`,`role_name`) VALUES 
 (1,'ROLE_ADMIN'),
 (2,'ROLE_USER'),
 (3,'ROLE_GOD'),
 (4,'ROLE_READER');
/*!40000 ALTER TABLE `roles` ENABLE KEYS */;


--
-- Definition of table `search_sequentials`
--

DROP TABLE IF EXISTS `search_sequentials`;
CREATE TABLE `search_sequentials` (
  `ref_id_department` int(10) unsigned NOT NULL,
  `sequential_number` int(10) unsigned NOT NULL DEFAULT '0',
  `prefix` varchar(10) NOT NULL,
  PRIMARY KEY (`ref_id_department`),
  CONSTRAINT `FK_search_sequential_departments` FOREIGN KEY (`ref_id_department`) REFERENCES `departments` (`id_department`)
) ENGINE=InnoDB DEFAULT CHARSET=utf8;

--
-- Dumping data for table `search_sequentials`
--

/*!40000 ALTER TABLE `search_sequentials` DISABLE KEYS */;
/*!40000 ALTER TABLE `search_sequentials` ENABLE KEYS */;


--
-- Definition of table `sort_fields`
--

DROP TABLE IF EXISTS `sort_fields`;
CREATE TABLE `sort_fields` (
  `ref_id_record` int(10) unsigned NOT NULL,
  `sort_name` varchar(200) NOT NULL,
  `sort_value` longtext NOT NULL,
  PRIMARY KEY (`ref_id_record`,`sort_name`),
  CONSTRAINT `FK_sort_fields_records` FOREIGN KEY (`ref_id_record`) REFERENCES `records` (`id_record`)
) ENGINE=InnoDB DEFAULT CHARSET=utf8;

--
-- Dumping data for table `sort_fields`
--

/*!40000 ALTER TABLE `sort_fields` DISABLE KEYS */;
/*!40000 ALTER TABLE `sort_fields` ENABLE KEYS */;


--
-- Definition of table `user_roles`
--

DROP TABLE IF EXISTS `user_roles`;
CREATE TABLE `user_roles` (
  `ref_id_user` int(10) unsigned NOT NULL,
  `ref_id_role` int(10) unsigned NOT NULL DEFAULT '4',
  PRIMARY KEY (`ref_id_user`),
  KEY `FK_user_roles_1` (`ref_id_user`) USING BTREE,
  KEY `FK_user_roles_roles` (`ref_id_role`),
  CONSTRAINT `FK_user_roles_roles` FOREIGN KEY (`ref_id_role`) REFERENCES `roles` (`id_role`),
  CONSTRAINT `FK_user_roles_users` FOREIGN KEY (`ref_id_user`) REFERENCES `users` (`id_user`)
) ENGINE=InnoDB DEFAULT CHARSET=utf8;

--
-- Dumping data for table `user_roles`
--

/*!40000 ALTER TABLE `user_roles` DISABLE KEYS */;
INSERT INTO `user_roles` (`ref_id_user`,`ref_id_role`) VALUES 
 (1,3);
/*!40000 ALTER TABLE `user_roles` ENABLE KEYS */;


--
-- Definition of table `users`
--

DROP TABLE IF EXISTS `users`;
CREATE TABLE `users` (
  `id_user` int(10) unsigned NOT NULL AUTO_INCREMENT,
  `username` varchar(100) NOT NULL,
  `password` varchar(45) NOT NULL,
  `active` tinyint(1) NOT NULL DEFAULT '1',
  `ref_id_company` int(10) unsigned NOT NULL,
  `ref_id_department` int(10) unsigned DEFAULT NULL,
  PRIMARY KEY (`id_user`),
  KEY `FK_users_companies` (`ref_id_company`),
  KEY `FK_users_departments` (`ref_id_department`),
  CONSTRAINT `FK_users_companies` FOREIGN KEY (`ref_id_company`) REFERENCES `companies` (`id_company`),
  CONSTRAINT `FK_users_departments` FOREIGN KEY (`ref_id_department`) REFERENCES `departments` (`id_department`)
) ENGINE=InnoDB AUTO_INCREMENT=2 DEFAULT CHARSET=utf8;

--
-- Dumping data for table `users`
--

/*!40000 ALTER TABLE `users` DISABLE KEYS */;
INSERT INTO `users` (`id_user`,`username`,`password`,`active`,`ref_id_company`,`ref_id_department`) VALUES 
 (1,'admin','098f6bcd4621d373cade4e832627b4f6',1,1000000000,1000000000);
/*!40000 ALTER TABLE `users` ENABLE KEYS */;


--
-- Definition of table `users_profile`
--

DROP TABLE IF EXISTS `users_profile`;
CREATE TABLE `users_profile` (
  `ref_id_user` int(10) unsigned NOT NULL,
  `name` varchar(100) DEFAULT NULL,
  `lastname` varchar(100) DEFAULT NULL,
  `language` varchar(2) DEFAULT NULL,
  `email` varchar(100) DEFAULT NULL,
  `birth_date` date DEFAULT NULL,
  `telephone_number` varchar(45) DEFAULT NULL,
  PRIMARY KEY (`ref_id_user`),
  CONSTRAINT `FK_users_prifile_users` FOREIGN KEY (`ref_id_user`) REFERENCES `users` (`id_user`)
) ENGINE=InnoDB DEFAULT CHARSET=utf8;

--
-- Dumping data for table `users_profile`
--

/*!40000 ALTER TABLE `users_profile` DISABLE KEYS */;
INSERT INTO `users_profile` (`ref_id_user`,`name`,`lastname`,`language`,`email`,`birth_date`,`telephone_number`) VALUES 
 (1,'ODS','Administrator','IT','test@test.com',NULL,NULL);
/*!40000 ALTER TABLE `users_profile` ENABLE KEYS */;


--
-- Definition of table `xml_id`
--

DROP TABLE IF EXISTS `xml_id`;
CREATE TABLE `xml_id` (
  `id_xml` int(10) unsigned zerofill NOT NULL DEFAULT '0000000000',
  `ref_id_archive` int(10) NOT NULL,
  PRIMARY KEY (`ref_id_archive`),
  CONSTRAINT `FK_xml_id_archives` FOREIGN KEY (`ref_id_archive`) REFERENCES `archives` (`id_archive`)
) ENGINE=InnoDB DEFAULT CHARSET=utf8;

--
-- Dumping data for table `xml_id`
--

/*!40000 ALTER TABLE `xml_id` DISABLE KEYS */;
INSERT INTO `xml_id` (`id_xml`,`ref_id_archive`) VALUES 
 (0000000000,1),
 (0000000000,2),
 (0000000000,5006);
/*!40000 ALTER TABLE `xml_id` ENABLE KEYS */;




/*!40101 SET SQL_MODE=@OLD_SQL_MODE */;
/*!40014 SET FOREIGN_KEY_CHECKS=@OLD_FOREIGN_KEY_CHECKS */;
/*!40014 SET UNIQUE_CHECKS=@OLD_UNIQUE_CHECKS */;
/*!40101 SET CHARACTER_SET_CLIENT=@OLD_CHARACTER_SET_CLIENT */;
/*!40101 SET CHARACTER_SET_RESULTS=@OLD_CHARACTER_SET_RESULTS */;
/*!40101 SET COLLATION_CONNECTION=@OLD_COLLATION_CONNECTION */;
/*!40101 SET CHARACTER_SET_CLIENT=@OLD_CHARACTER_SET_CLIENT */;
